'd__Archaea;p__Thermoplasmatota;c__Thermoplasmata;o__Marine_Benthic_Group_D_and_DHVEG-1;f__Marine_Benthic_Group_D_and_DHVEG-1;g__Marine_Benthic_Group_D_and_DHVEG-1;s__uncultured_archaeon'
'd__Archaea;p__Crenarchaeota;c__Nitrososphaeria;o__Nitrosopumilales;f__Nitrosopumilaceae;g__Candidatus_Nitrosopumilus;s__uncultured_archaeon'
'd__Archaea;p__Crenarchaeota;c__Bathyarchaeia;o__Bathyarchaeia;f__Bathyarchaeia;g__Bathyarchaeia;s__uncultured_archaeon'
'd__Archaea;p__Nanoarchaeota;c__Nanoarchaeia;o__Woesearchaeales;f__Woesearchaeales;g__Woesearchaeales;__'
'd__Archaea;__;__;__;__;__;__'
'd__Archaea;p__Aenigmarchaeota;c__Aenigmarchaeia;o__Aenigmarchaeales;f__Aenigmarchaeales;g__Aenigmarchaeales;s__uncultured_archaeon'
'd__Archaea;p__Aenigmarchaeota;c__Deep_Sea_Euryarchaeotic_Group(DSEG);o__Deep_Sea_Euryarchaeotic_Group(DSEG);f__Deep_Sea_Euryarchaeotic_Group(DSEG);g__Deep_Sea_Euryarchaeotic_Group(DSEG);s__uncultured_archaeon'
'd__Archaea;p__Asgardarchaeota;c__Lokiarchaeia;o__Lokiarchaeia;f__Lokiarchaeia;g__Lokiarchaeia;s__uncultured_archaeon'
'd__Archaea;p__Crenarchaeota;c__Nitrososphaeria;o__Nitrosopumilales;f__Nitrosopumilaceae;g__Candidatus_Nitrosopumilus;__'
'd__Archaea;p__Crenarchaeota;c__Nitrososphaeria;o__Nitrososphaerales;f__Nitrososphaeraceae;g__Nitrososphaeraceae;s__uncultured_archaeon'
'd__Archaea;p__Nanoarchaeota;c__Nanoarchaeia;o__Woesearchaeales;f__SCGC_AAA011-D5;g__SCGC_AAA011-D5;__'
'd__Archaea;p__Nanoarchaeota;c__Nanoarchaeia;o__Woesearchaeales;f__SCGC_AAA011-D5;g__SCGC_AAA011-D5;s__uncultured_euryarchaeote'
'd__Archaea;p__Nanoarchaeota;c__Nanoarchaeia;o__Woesearchaeales;f__Woesearchaeales;g__Woesearchaeales;s__uncultured_archaeon'
'd__Archaea;p__Thermoplasmatota;c__Thermoplasmata;o__Marine_Benthic_Group_D_and_DHVEG-1;f__Marine_Benthic_Group_D_and_DHVEG-1;g__Marine_Benthic_Group_D_and_DHVEG-1;s__uncultured_Thermoplasmatales'
'd__Archaea;p__Thermoplasmatota;c__Thermoplasmata;o__uncultured;f__uncultured;g__uncultured;s__uncultured_archaeon'
'd__Archaea;p__Aenigmarchaeota;__;__;__;__;__'
'd__Archaea;p__Aenigmarchaeota;c__Aenigmarchaeia;o__Aenigmarchaeales;f__Aenigmarchaeales;__;__'
'd__Archaea;p__Aenigmarchaeota;c__Aenigmarchaeia;o__Aenigmarchaeales;f__Aenigmarchaeales;g__Aenigmarchaeales;__'
'd__Archaea;p__Aenigmarchaeota;c__Aenigmarchaeia;o__Aenigmarchaeales;f__Aenigmarchaeales;g__Candidatus_Aenigmarchaeum;s__uncultured_archaeon'
'd__Archaea;p__Aenigmarchaeota;c__Aenigmarchaeia;o__Aenigmarchaeales;f__Aenigmarchaeales;g__Candidatus_Aenigmarchaeum;s__uncultured_marine'
'd__Archaea;p__Aenigmarchaeota;c__Aenigmarchaeota;o__Aenigmarchaeota;f__Aenigmarchaeota;g__Aenigmarchaeota;s__uncultured_Methanococcales'
'd__Archaea;p__Aenigmarchaeota;c__Deep_Sea_Euryarchaeotic_Group(DSEG);o__Deep_Sea_Euryarchaeotic_Group(DSEG);f__Deep_Sea_Euryarchaeotic_Group(DSEG);g__Deep_Sea_Euryarchaeotic_Group(DSEG);__'
'd__Archaea;p__Altiarchaeota;c__Altiarchaeia;o__Altiarchaeales;f__Altiarchaeaceae;g__Candidatus_Altiarchaeum;s__uncultured_archaeon'
'd__Archaea;p__Asgardarchaeota;__;__;__;__;__'
'd__Archaea;p__Asgardarchaeota;c__Asgardarchaeota;o__Asgardarchaeota;f__Asgardarchaeota;g__Asgardarchaeota;s__uncultured_archaeon'
'd__Archaea;p__Asgardarchaeota;c__Heimdallarchaeia;o__Heimdallarchaeia;f__Heimdallarchaeia;g__Heimdallarchaeia;s__uncultured_archaeon'
'd__Archaea;p__Asgardarchaeota;c__Lokiarchaeia;o__Lokiarchaeia;f__Lokiarchaeia;g__Lokiarchaeia;__'
'd__Archaea;p__Asgardarchaeota;c__Lokiarchaeia;o__Lokiarchaeia;f__Lokiarchaeia;g__Lokiarchaeia;s__Lokiarchaeum_sp.'
'd__Archaea;p__Asgardarchaeota;c__Lokiarchaeia;o__Lokiarchaeia;f__Lokiarchaeia;g__Lokiarchaeia;s__uncultured_crenarchaeote'
'd__Archaea;p__Asgardarchaeota;c__Lokiarchaeia;o__Lokiarchaeia;f__Lokiarchaeia;g__Lokiarchaeia;s__uncultured_Desulfurococcus'
'd__Archaea;p__Asgardarchaeota;c__Lokiarchaeia;o__Lokiarchaeia;f__Lokiarchaeia;g__Lokiarchaeia;s__uncultured_euryarchaeote'
'd__Archaea;p__Asgardarchaeota;c__Lokiarchaeia;o__Lokiarchaeia;f__Lokiarchaeia;g__Lokiarchaeia;s__uncultured_marine'
'd__Archaea;p__Asgardarchaeota;c__Lokiarchaeia;o__Lokiarchaeia;f__Lokiarchaeia;g__Lokiarchaeia;s__unidentified_archaeon'
'd__Archaea;p__Asgardarchaeota;c__Odinarchaeia;o__Odinarchaeia;f__Odinarchaeia;g__Odinarchaeia;__'
'd__Archaea;p__Asgardarchaeota;c__Odinarchaeia;o__Odinarchaeia;f__Odinarchaeia;g__Odinarchaeia;s__uncultured_archaeon'
'd__Archaea;p__Asgardarchaeota;c__Odinarchaeia;o__Odinarchaeia;f__Odinarchaeia;g__Odinarchaeia;s__uncultured_crenarchaeote'
'd__Archaea;p__Asgardarchaeota;c__Odinarchaeia;o__Odinarchaeia;f__Odinarchaeia;g__Odinarchaeia;s__uncultured_marine'
'd__Archaea;p__Crenarchaeota;__;__;__;__;__'
'd__Archaea;p__Crenarchaeota;c__Bathyarchaeia;o__Bathyarchaeia;f__Bathyarchaeia;g__Bathyarchaeia;__'
'd__Archaea;p__Crenarchaeota;c__Bathyarchaeia;o__Bathyarchaeia;f__Bathyarchaeia;g__Bathyarchaeia;s__miscellaneous_Crenarchaeota'
'd__Archaea;p__Crenarchaeota;c__Bathyarchaeia;o__Bathyarchaeia;f__Bathyarchaeia;g__Bathyarchaeia;s__uncultured_Bathyarchaeota'
'd__Archaea;p__Crenarchaeota;c__Bathyarchaeia;o__Bathyarchaeia;f__Bathyarchaeia;g__Bathyarchaeia;s__uncultured_crenarchaeote'
'd__Archaea;p__Crenarchaeota;c__Bathyarchaeia;o__Bathyarchaeia;f__Bathyarchaeia;g__Bathyarchaeia;s__uncultured_Desulfurococcus'
'd__Archaea;p__Crenarchaeota;c__Bathyarchaeia;o__Bathyarchaeia;f__Bathyarchaeia;g__Bathyarchaeia;s__uncultured_eukaryote'
'd__Archaea;p__Crenarchaeota;c__Bathyarchaeia;o__Bathyarchaeia;f__Bathyarchaeia;g__Bathyarchaeia;s__uncultured_miscellaneous'
'd__Archaea;p__Crenarchaeota;c__Bathyarchaeia;o__Bathyarchaeia;f__Bathyarchaeia;g__Bathyarchaeia;s__unidentified_archaeon'
'd__Archaea;p__Crenarchaeota;c__Nitrososphaeria;__;__;__;__'
'd__Archaea;p__Crenarchaeota;c__Nitrososphaeria;o__Caldiarchaeales;f__Geothermarchaeaceae;g__Geothermarchaeaceae;s__uncultured_archaeon'
'd__Archaea;p__Crenarchaeota;c__Nitrososphaeria;o__Marine_Benthic_Group_A;f__Marine_Benthic_Group_A;g__Marine_Benthic_Group_A;__'
'd__Archaea;p__Crenarchaeota;c__Nitrososphaeria;o__Marine_Benthic_Group_A;f__Marine_Benthic_Group_A;g__Marine_Benthic_Group_A;s__uncultured_archaeon'
'd__Archaea;p__Crenarchaeota;c__Nitrososphaeria;o__Marine_Benthic_Group_A;f__Marine_Benthic_Group_A;g__Marine_Benthic_Group_A;s__uncultured_Nitrosopumilales'
'd__Archaea;p__Crenarchaeota;c__Nitrososphaeria;o__Nitrosopumilales;f__Nitrosopumilaceae;__;__'
'd__Archaea;p__Crenarchaeota;c__Nitrososphaeria;o__Nitrosopumilales;f__Nitrosopumilaceae;g__Candidatus_Nitrosopumilus;s__Candidatus_Nitrosomarinus'
'd__Archaea;p__Crenarchaeota;c__Nitrososphaeria;o__Nitrosopumilales;f__Nitrosopumilaceae;g__Candidatus_Nitrosopumilus;s__marine_sediment'
'd__Archaea;p__Crenarchaeota;c__Nitrososphaeria;o__Nitrosopumilales;f__Nitrosopumilaceae;g__Candidatus_Nitrosopumilus;s__Nitrosopumilus_maritimus'
'd__Archaea;p__Crenarchaeota;c__Nitrososphaeria;o__Nitrosopumilales;f__Nitrosopumilaceae;g__Candidatus_Nitrosopumilus;s__Thaumarchaeota_archaeon'
'd__Archaea;p__Crenarchaeota;c__Nitrososphaeria;o__Nitrosopumilales;f__Nitrosopumilaceae;g__Candidatus_Nitrosopumilus;s__unculturable_Mariana'
'd__Archaea;p__Crenarchaeota;c__Nitrososphaeria;o__Nitrosopumilales;f__Nitrosopumilaceae;g__Candidatus_Nitrosopumilus;s__uncultured_euryarchaeote'
'd__Archaea;p__Crenarchaeota;c__Nitrososphaeria;o__Nitrosopumilales;f__Nitrosopumilaceae;g__Candidatus_Nitrosotenuis;__'
'd__Archaea;p__Crenarchaeota;c__Nitrososphaeria;o__Nitrosopumilales;f__Nitrosopumilaceae;g__Candidatus_Nitrosotenuis;s__Thaumarchaeota_archaeon'
'd__Archaea;p__Crenarchaeota;c__Nitrososphaeria;o__Nitrosopumilales;f__Nitrosopumilaceae;g__Cenarchaeum;__'
'd__Archaea;p__Crenarchaeota;c__Nitrososphaeria;o__Nitrosopumilales;f__Nitrosopumilaceae;g__Cenarchaeum;s__Thermoplasmatales_archaeon'
'd__Archaea;p__Crenarchaeota;c__Nitrososphaeria;o__Nitrosopumilales;f__Nitrosopumilaceae;g__Cenarchaeum;s__uncultured_archaeon'
'd__Archaea;p__Crenarchaeota;c__Nitrososphaeria;o__Nitrosopumilales;f__Nitrosopumilaceae;g__Nitrosarchaeum;__'
'd__Archaea;p__Crenarchaeota;c__Nitrososphaeria;o__Nitrosopumilales;f__Nitrosopumilaceae;g__Nitrosarchaeum;s__uncultured_Green'
'd__Archaea;p__Crenarchaeota;c__Nitrososphaeria;o__Nitrosopumilales;f__Nitrosopumilaceae;g__Nitrosopumilaceae;__'
'd__Archaea;p__Crenarchaeota;c__Nitrososphaeria;o__Nitrosopumilales;f__Nitrosopumilaceae;g__Nitrosopumilaceae;s__uncultured_archaeon'
'd__Archaea;p__Crenarchaeota;c__Nitrososphaeria;o__Nitrosopumilales;f__Nitrosopumilaceae;g__Nitrosopumilaceae;s__uncultured_crenarchaeote'
'd__Archaea;p__Crenarchaeota;c__Nitrososphaeria;o__Nitrososphaerales;f__Nitrososphaeraceae;__;__'
'd__Archaea;p__Crenarchaeota;c__Nitrososphaeria;o__Nitrososphaerales;f__Nitrososphaeraceae;g__Candidatus_Nitrocosmicus;__'
'd__Archaea;p__Crenarchaeota;c__Nitrososphaeria;o__Nitrososphaerales;f__Nitrososphaeraceae;g__Candidatus_Nitrocosmicus;s__Candidatus_Nitrosocosmicus'
'd__Archaea;p__Crenarchaeota;c__Nitrososphaeria;o__Nitrososphaerales;f__Nitrososphaeraceae;g__Candidatus_Nitrososphaera;__'
'd__Archaea;p__Crenarchaeota;c__Nitrososphaeria;o__Nitrososphaerales;f__Nitrososphaeraceae;g__Candidatus_Nitrososphaera;s__uncultured_ammonia-oxidizing'
'd__Archaea;p__Crenarchaeota;c__Nitrososphaeria;o__Nitrososphaerales;f__Nitrososphaeraceae;g__Candidatus_Nitrososphaera;s__uncultured_archaeon'
'd__Archaea;p__Crenarchaeota;c__Nitrososphaeria;o__Nitrososphaerales;f__Nitrososphaeraceae;g__Candidatus_Nitrososphaera;s__uncultured_soil'
'd__Archaea;p__Crenarchaeota;c__Nitrososphaeria;o__Nitrososphaerales;f__Nitrososphaeraceae;g__Nitrososphaeraceae;__'
'd__Archaea;p__Crenarchaeota;c__Nitrososphaeria;o__Nitrososphaerales;f__Nitrososphaeraceae;g__Nitrososphaeraceae;s__metagenome'
'd__Archaea;p__Crenarchaeota;c__Nitrososphaeria;o__Nitrososphaerales;f__Nitrososphaeraceae;g__Nitrososphaeraceae;s__uncultured_ammonia-oxidizing'
'd__Archaea;p__Crenarchaeota;c__Nitrososphaeria;o__Nitrososphaerales;f__Nitrososphaeraceae;g__Nitrososphaeraceae;s__uncultured_compost'
'd__Archaea;p__Crenarchaeota;c__Nitrososphaeria;o__Nitrososphaerales;f__Nitrososphaeraceae;g__Nitrososphaeraceae;s__uncultured_Nitrososphaera'
'd__Archaea;p__Crenarchaeota;c__Nitrososphaeria;o__Nitrosotaleales;f__Nitrosotaleaceae;g__Nitrosotaleaceae;s__uncultured_archaeon'
'd__Archaea;p__Euryarchaeota;__;__;__;__;__'
'd__Archaea;p__Euryarchaeota;c__Methanococci;o__Methanococcales;f__Methanococcaceae;g__Methanococcus;s__Methanococcus_voltae'
'd__Archaea;p__Euryarchaeota;c__Methanococci;o__Methanococcales;f__Methanococcaceae;g__Methanococcus;s__uncultured_archaeon'
'd__Archaea;p__Euryarchaeota;c__Methanococci;o__Methanococcales;f__Methanococcaceae;g__Methanococcus;s__uncultured_bacterium'
'd__Archaea;p__Euryarchaeota;c__Methanococci;o__Methanococcales;f__Methanococcaceae;g__Methanococcus;s__uncultured_Methanococcus'
'd__Archaea;p__Euryarchaeota;c__Thermococci;o__Methanofastidiosales;f__uncultured;g__uncultured;__'
'd__Archaea;p__Euryarchaeota;c__Thermococci;o__Methanofastidiosales;f__uncultured;g__uncultured;s__archaeon_enrichment'
'd__Archaea;p__Euryarchaeota;c__Thermococci;o__Methanofastidiosales;f__uncultured;g__uncultured;s__marine_sediment'
'd__Archaea;p__Euryarchaeota;c__Thermococci;o__Methanofastidiosales;f__uncultured;g__uncultured;s__uncultured_archaeon'
'd__Archaea;p__Euryarchaeota;c__Thermococci;o__Methanofastidiosales;f__uncultured;g__uncultured;s__uncultured_euryarchaeote'
'd__Archaea;p__Euryarchaeota;c__Thermococci;o__Methanofastidiosales;f__uncultured;g__uncultured;s__uncultured_marine'
'd__Archaea;p__Euryarchaeota;c__Thermococci;o__Methanofastidiosales;f__uncultured;g__uncultured;s__uncultured_sediment'
'd__Archaea;p__Hadarchaeota;c__Hadarchaeia;o__Hadarchaeia;f__Hadarchaeales;g__Hadarchaeales;s__uncultured_archaeon'
'd__Archaea;p__Halobacterota;__;__;__;__;__'
'd__Archaea;p__Halobacterota;c__ANME-1;o__ANME-1b;f__ANME-1b;g__ANME-1b;__'
'd__Archaea;p__Halobacterota;c__ANME-1;o__ANME-1b;f__ANME-1b;g__ANME-1b;s__uncultured_archaeon'
'd__Archaea;p__Halobacterota;c__Halobacteria;o__Halobacterales;__;__;__'
'd__Archaea;p__Halobacterota;c__Halobacteria;o__Halobacterales;f__Haloadaptaceae;g__Haladaptatus;__'
'd__Archaea;p__Halobacterota;c__Halobacteria;o__Halobacterales;f__Haloadaptaceae;g__Haladaptatus;s__Haladaptatus_cibarius'
'd__Archaea;p__Halobacterota;c__Halobacteria;o__Halobacterales;f__Haloadaptaceae;g__Haladaptatus;s__Haladaptatus_litoreus'
'd__Archaea;p__Halobacterota;c__Halobacteria;o__Halobacterales;f__Haloadaptaceae;g__Haladaptatus;s__Haladaptatus_pallidirubidus'
'd__Archaea;p__Halobacterota;c__Halobacteria;o__Halobacterales;f__Haloadaptaceae;g__Haladaptatus;s__Haladaptatus_paucihalophilus'
'd__Archaea;p__Halobacterota;c__Halobacteria;o__Halobacterales;f__Haloadaptaceae;g__Haladaptatus;s__Haladaptatus_sp.'
'd__Archaea;p__Halobacterota;c__Halobacteria;o__Halobacterales;f__Haloadaptaceae;g__Haladaptatus;s__haloarchaeon_Nie'
'd__Archaea;p__Halobacterota;c__Halobacteria;o__Halobacterales;f__Haloadaptaceae;g__Haladaptatus;s__Halobacteriaceae_archaeon'
'd__Archaea;p__Halobacterota;c__Halobacteria;o__Halobacterales;f__Haloadaptaceae;g__Haladaptatus;s__Halorussus_sp.'
'd__Archaea;p__Halobacterota;c__Halobacteria;o__Halobacterales;f__Haloadaptaceae;g__Haladaptatus;s__uncultured_archaeon'
'd__Archaea;p__Halobacterota;c__Halobacteria;o__Halobacterales;f__Haloadaptaceae;g__Haladaptatus;s__uncultured_haloarchaeon'
'd__Archaea;p__Halobacterota;c__Halobacteria;o__Halobacterales;f__Halobacterales;__;__'
'd__Archaea;p__Halobacterota;c__Halobacteria;o__Halobacterales;f__Halobacterales;g__Halobacterales;s__uncultured_archaeon'
'd__Archaea;p__Halobacterota;c__Halobacteria;o__Halobacterales;f__Halobacterales;g__uncultured;__'
'd__Archaea;p__Halobacterota;c__Halobacteria;o__Halobacterales;f__Halobacterales;g__uncultured;s__uncultured_archaeon'
'd__Archaea;p__Halobacterota;c__Halobacteria;o__Halobacterales;f__Halobacteriaceae;g__Halarchaeum;s__uncultured_archaeon'
'd__Archaea;p__Halobacterota;c__Halobacteria;o__Halobacterales;f__Halococcaceae;g__Halalkalicoccus;__'
'd__Archaea;p__Halobacterota;c__Halobacteria;o__Halobacterales;f__Halococcaceae;g__Halalkalicoccus;s__uncultured_archaeon'
'd__Archaea;p__Halobacterota;c__Halobacteria;o__Halobacterales;f__Halococcaceae;g__Halococcus;__'
'd__Archaea;p__Halobacterota;c__Halobacteria;o__Halobacterales;f__Halococcaceae;g__Halococcus;s__Halococcus_agarilyticus'
'd__Archaea;p__Halobacterota;c__Halobacteria;o__Halobacterales;f__Halococcaceae;g__Halococcus;s__Halococcus_hamelinensis'
'd__Archaea;p__Halobacterota;c__Halobacteria;o__Halobacterales;f__Halococcaceae;g__Halococcus;s__Halococcus_sp.'
'd__Archaea;p__Halobacterota;c__Halobacteria;o__Halobacterales;f__Haloferacaceae;__;__'
'd__Archaea;p__Halobacterota;c__Halobacteria;o__Halobacterales;f__Haloferacaceae;g__A07HB70;s__uncultured_archaeon'
'd__Archaea;p__Halobacterota;c__Halobacteria;o__Halobacterales;f__Haloferacaceae;g__Haloarchaeobius;__'
'd__Archaea;p__Halobacterota;c__Halobacteria;o__Halobacterales;f__Haloferacaceae;g__Haloarchaeobius;s__Haloarchaeobius_amylolyticus'
'd__Archaea;p__Halobacterota;c__Halobacteria;o__Halobacterales;f__Haloferacaceae;g__Haloarchaeobius;s__Haloarchaeobius_baliensis'
'd__Archaea;p__Halobacterota;c__Halobacteria;o__Halobacterales;f__Haloferacaceae;g__Haloarchaeobius;s__Haloarchaeobius_litoreus'
'd__Archaea;p__Halobacterota;c__Halobacteria;o__Halobacterales;f__Haloferacaceae;g__Haloarchaeobius;s__Haloarchaeobius_sp.'
'd__Archaea;p__Halobacterota;c__Halobacteria;o__Halobacterales;f__Haloferacaceae;g__Haloarchaeobius;s__uncultured_archaeon'
'd__Archaea;p__Halobacterota;c__Halobacteria;o__Halobacterales;f__Haloferacaceae;g__Haloarchaeobius;s__uncultured_Halobacterium'
'd__Archaea;p__Halobacterota;c__Halobacteria;o__Halobacterales;f__Haloferacaceae;g__Halobaculum;__'
'd__Archaea;p__Halobacterota;c__Halobacteria;o__Halobacterales;f__Haloferacaceae;g__Halobaculum;s__uncultured_archaeon'
'd__Archaea;p__Halobacterota;c__Halobacteria;o__Halobacterales;f__Haloferacaceae;g__Halobellus;__'
'd__Archaea;p__Halobacterota;c__Halobacteria;o__Halobacterales;f__Haloferacaceae;g__Halobellus;s__Halobellus_rufus'
'd__Archaea;p__Halobacterota;c__Halobacteria;o__Halobacterales;f__Haloferacaceae;g__Haloferacaceae;__'
'd__Archaea;p__Halobacterota;c__Halobacteria;o__Halobacterales;f__Haloferacaceae;g__Haloferacaceae;s__Haloferax_sp.'
'd__Archaea;p__Halobacterota;c__Halobacteria;o__Halobacterales;f__Haloferacaceae;g__Haloferacaceae;s__Halorubrum_sp.'
'd__Archaea;p__Halobacterota;c__Halobacteria;o__Halobacterales;f__Haloferacaceae;g__Haloferacaceae;s__Natronococcus_sp.'
'd__Archaea;p__Halobacterota;c__Halobacteria;o__Halobacterales;f__Haloferacaceae;g__Haloferacaceae;s__uncultured_archaeon'
'd__Archaea;p__Halobacterota;c__Halobacteria;o__Halobacterales;f__Haloferacaceae;g__Haloferax;__'
'd__Archaea;p__Halobacterota;c__Halobacteria;o__Halobacterales;f__Haloferacaceae;g__Haloferax;s__Halobacterium_sp.'
'd__Archaea;p__Halobacterota;c__Halobacteria;o__Halobacterales;f__Haloferacaceae;g__Haloferax;s__Haloferax_namakaokahaiae'
'd__Archaea;p__Halobacterota;c__Halobacteria;o__Halobacterales;f__Haloferacaceae;g__Haloferax;s__uncultured_archaeon'
'd__Archaea;p__Halobacterota;c__Halobacteria;o__Halobacterales;f__Haloferacaceae;g__Haloferax;s__uncultured_euryarchaeote'
'd__Archaea;p__Halobacterota;c__Halobacteria;o__Halobacterales;f__Haloferacaceae;g__Halogeometricum;__'
'd__Archaea;p__Halobacterota;c__Halobacteria;o__Halobacterales;f__Haloferacaceae;g__Halogeometricum;s__haloarchaeon_Nie'
'd__Archaea;p__Halobacterota;c__Halobacteria;o__Halobacterales;f__Haloferacaceae;g__Halogeometricum;s__Halobacteriaceae_archaeon'
'd__Archaea;p__Halobacterota;c__Halobacteria;o__Halobacterales;f__Haloferacaceae;g__Halogeometricum;s__Haloferax_sp.'
'd__Archaea;p__Halobacterota;c__Halobacteria;o__Halobacterales;f__Haloferacaceae;g__Halogeometricum;s__Halogeometricum_limi'
'd__Archaea;p__Halobacterota;c__Halobacteria;o__Halobacterales;f__Haloferacaceae;g__Halogeometricum;s__Halogeometricum_sp.'
'd__Archaea;p__Halobacterota;c__Halobacteria;o__Halobacterales;f__Haloferacaceae;g__Halogeometricum;s__uncultured_haloarchaeon'
'd__Archaea;p__Halobacterota;c__Halobacteria;o__Halobacterales;f__Haloferacaceae;g__Halogeometricum;s__uncultured_Halobacteriales'
'd__Archaea;p__Halobacterota;c__Halobacteria;o__Halobacterales;f__Haloferacaceae;g__Halogeometricum;s__uncultured_Methanosarcinaceae'
'd__Archaea;p__Halobacterota;c__Halobacteria;o__Halobacterales;f__Haloferacaceae;g__Halogranum;__'
'd__Archaea;p__Halobacterota;c__Halobacteria;o__Halobacterales;f__Haloferacaceae;g__Halogranum;s__Halogranum_gelatinilyticum'
'd__Archaea;p__Halobacterota;c__Halobacteria;o__Halobacterales;f__Haloferacaceae;g__Halogranum;s__Halogranum_rubrum'
'd__Archaea;p__Halobacterota;c__Halobacteria;o__Halobacterales;f__Haloferacaceae;g__Halogranum;s__uncultured_archaeon'
'd__Archaea;p__Halobacterota;c__Halobacteria;o__Halobacterales;f__Haloferacaceae;g__Halolamina;__'
'd__Archaea;p__Halobacterota;c__Halobacteria;o__Halobacterales;f__Haloferacaceae;g__Halolamina;s__archaeon_4R'
'd__Archaea;p__Halobacterota;c__Halobacteria;o__Halobacterales;f__Haloferacaceae;g__Halolamina;s__halophilic_archaeon'
'd__Archaea;p__Halobacterota;c__Halobacteria;o__Halobacterales;f__Haloferacaceae;g__Halolamina;s__uncultured_archaeon'
'd__Archaea;p__Halobacterota;c__Halobacteria;o__Halobacterales;f__Haloferacaceae;g__Halolamina;s__uncultured_Halobacteria'
'd__Archaea;p__Halobacterota;c__Halobacteria;o__Halobacterales;f__Haloferacaceae;g__Halopiger;__'
'd__Archaea;p__Halobacterota;c__Halobacteria;o__Halobacterales;f__Haloferacaceae;g__Halopiger;s__uncultured_archaeon'
'd__Archaea;p__Halobacterota;c__Halobacteria;o__Halobacterales;f__Haloferacaceae;g__Haloplanus;s__uncultured_archaeon'
'd__Archaea;p__Halobacterota;c__Halobacteria;o__Halobacterales;f__Haloferacaceae;g__Halorubellus;__'
'd__Archaea;p__Halobacterota;c__Halobacteria;o__Halobacterales;f__Haloferacaceae;g__Halorubellus;s__uncultured_haloarchaeon'
'd__Archaea;p__Halobacterota;c__Halobacteria;o__Halobacterales;f__Haloferacaceae;g__Halorubrum;__'
'd__Archaea;p__Halobacterota;c__Halobacteria;o__Halobacterales;f__Haloferacaceae;g__Halorussus;__'
'd__Archaea;p__Halobacterota;c__Halobacteria;o__Halobacterales;f__Haloferacaceae;g__Halorussus;s__Halobacteriaceae_archaeon'
'd__Archaea;p__Halobacterota;c__Halobacteria;o__Halobacterales;f__Haloferacaceae;g__Halorussus;s__uncultured_archaeon'
'd__Archaea;p__Halobacterota;c__Halobacteria;o__Halobacterales;f__Haloferacaceae;g__Haloterrigena;__'
'd__Archaea;p__Halobacterota;c__Halobacteria;o__Halobacterales;f__Haloferacaceae;g__Haloterrigena;s__Haloterrigena_hispanica'
'd__Archaea;p__Halobacterota;c__Halobacteria;o__Halobacterales;f__Haloferacaceae;g__Haloterrigena;s__uncultured_archaeon'
'd__Archaea;p__Halobacterota;c__Halobacteria;o__Halobacterales;f__Haloferacaceae;g__Halovivax;__'
'd__Archaea;p__Halobacterota;c__Halobacteria;o__Halobacterales;f__Haloferacaceae;g__Halovivax;s__Halobacteriaceae_archaeon'
'd__Archaea;p__Halobacterota;c__Halobacteria;o__Halobacterales;f__Haloferacaceae;g__Halovivax;s__Halovivax_asiaticus'
'd__Archaea;p__Halobacterota;c__Halobacteria;o__Halobacterales;f__Haloferacaceae;g__Halovivax;s__uncultured_archaeon'
'd__Archaea;p__Halobacterota;c__Halobacteria;o__Halobacterales;f__Haloferacaceae;g__Natrialba;__'
'd__Archaea;p__Halobacterota;c__Halobacteria;o__Halobacterales;f__Haloferacaceae;g__Natrialba;s__Halobacteriaceae_archaeon'
'd__Archaea;p__Halobacterota;c__Halobacteria;o__Halobacterales;f__Haloferacaceae;g__Natrialba;s__Natrialba_aegyptia'
'd__Archaea;p__Halobacterota;c__Halobacteria;o__Halobacterales;f__Haloferacaceae;g__Natronorubrum;s__Haloterrigena_sp.'
'd__Archaea;p__Halobacterota;c__Halobacteria;o__Halobacterales;f__Haloferacaceae;g__Salinarchaeum;__'
'd__Archaea;p__Halobacterota;c__Halobacteria;o__Halobacterales;f__Haloferacaceae;g__Salinarchaeum;s__Salinarchaeum_sp.'
'd__Archaea;p__Halobacterota;c__Halobacteria;o__Halobacterales;f__Haloferacaceae;g__Salinigranum;__'
'd__Archaea;p__Halobacterota;c__Halobacteria;o__Halobacterales;f__Haloferacaceae;g__Salinigranum;s__Halobacteriaceae_archaeon'
'd__Archaea;p__Halobacterota;c__Halobacteria;o__Halobacterales;f__Haloferacaceae;g__Salinigranum;s__Salinigranum_salinum'
'd__Archaea;p__Halobacterota;c__Halobacteria;o__Halobacterales;f__Haloferacaceae;g__Salinigranum;s__uncultured_archaeon'
'd__Archaea;p__Halobacterota;c__Halobacteria;o__Halobacterales;f__Haloferacaceae;g__uncultured;__'
'd__Archaea;p__Halobacterota;c__Halobacteria;o__Halobacterales;f__Haloferacaceae;g__uncultured;s__Halobacteriales_archaeon'
'd__Archaea;p__Halobacterota;c__Halobacteria;o__Halobacterales;f__Haloferacaceae;g__uncultured;s__Halobium_palmae'
'd__Archaea;p__Halobacterota;c__Halobacteria;o__Halobacterales;f__Haloferacaceae;g__uncultured;s__Halobium_salinum'
'd__Archaea;p__Halobacterota;c__Halobacteria;o__Halobacterales;f__Haloferacaceae;g__uncultured;s__Halogranum_sp.'
'd__Archaea;p__Halobacterota;c__Halobacteria;o__Halobacterales;f__Haloferacaceae;g__uncultured;s__uncultured_archaeon'
'd__Archaea;p__Halobacterota;c__Halobacteria;o__Halobacterales;f__Halomicrobiaceae;__;__'
'd__Archaea;p__Halobacterota;c__Halobacteria;o__Halobacterales;f__Halomicrobiaceae;g__Candidatus_Halobonum;__'
'd__Archaea;p__Halobacterota;c__Halobacteria;o__Halobacterales;f__Halomicrobiaceae;g__Candidatus_Halobonum;s__Candidatus_Halobonum'
'd__Archaea;p__Halobacterota;c__Halobacteria;o__Halobacterales;f__Halomicrobiaceae;g__Candidatus_Halobonum;s__Halobaculum_sp.'
'd__Archaea;p__Halobacterota;c__Halobacteria;o__Halobacterales;f__Halomicrobiaceae;g__Candidatus_Halobonum;s__uncultured_archaeon'
'd__Archaea;p__Halobacterota;c__Halobacteria;o__Halobacterales;f__Halomicrobiaceae;g__Halapricum;__'
'd__Archaea;p__Halobacterota;c__Halobacteria;o__Halobacterales;f__Halomicrobiaceae;g__Halapricum;s__uncultured_haloarchaeon'
'd__Archaea;p__Halobacterota;c__Halobacteria;o__Halobacterales;f__Halomicrobiaceae;g__Halomarina;__'
'd__Archaea;p__Halobacterota;c__Halobacteria;o__Halobacterales;f__Halomicrobiaceae;g__Halomarina;s__Halobacteriaceae_archaeon'
'd__Archaea;p__Halobacterota;c__Halobacteria;o__Halobacterales;f__Halomicrobiaceae;g__Halomarina;s__Halomarina_oriensis'
'd__Archaea;p__Halobacterota;c__Halobacteria;o__Halobacterales;f__Halomicrobiaceae;g__Halomarina;s__Halomarina_rubra'
'd__Archaea;p__Halobacterota;c__Halobacteria;o__Halobacterales;f__Halomicrobiaceae;g__Halomarina;s__Halomarina_sp.'
'd__Archaea;p__Halobacterota;c__Halobacteria;o__Halobacterales;f__Halomicrobiaceae;g__Halomarina;s__Natronomonas_sp.'
'd__Archaea;p__Halobacterota;c__Halobacteria;o__Halobacterales;f__Halomicrobiaceae;g__Halomarina;s__uncultured_archaeon'
'd__Archaea;p__Halobacterota;c__Halobacteria;o__Halobacterales;f__Halomicrobiaceae;g__Halomarina;s__uncultured_euryarchaeote'
'd__Archaea;p__Halobacterota;c__Halobacteria;o__Halobacterales;f__Halomicrobiaceae;g__Halomicrobium;__'
'd__Archaea;p__Halobacterota;c__Halobacteria;o__Halobacterales;f__Halomicrobiaceae;g__Halomicrobium;s__Halomicrobium_mukohataei'
'd__Archaea;p__Halobacterota;c__Halobacteria;o__Halobacterales;f__Halomicrobiaceae;g__Halomicrobium;s__Halomicrobium_sp.'
'd__Archaea;p__Halobacterota;c__Halobacteria;o__Halobacterales;f__Halomicrobiaceae;g__Halomicrobium;s__uncultured_archaeon'
'd__Archaea;p__Halobacterota;c__Halobacteria;o__Halobacterales;f__Halomicrobiaceae;g__Halomicrobium;s__uncultured_haloarchaeon'
'd__Archaea;p__Halobacterota;c__Halobacteria;o__Halobacterales;f__Halomicrobiaceae;g__Halorientalis;__'
'd__Archaea;p__Halobacterota;c__Halobacteria;o__Halobacterales;f__Halomicrobiaceae;g__Halorientalis;s__uncultured_archaeon'
'd__Archaea;p__Halobacterota;c__Halobacteria;o__Halobacterales;f__Halomicrobiaceae;g__Natronomonas;__'
'd__Archaea;p__Halobacterota;c__Halobacteria;o__Halobacterales;f__Halomicrobiaceae;g__Natronomonas;s__uncultured_archaeon'
'd__Archaea;p__Halobacterota;c__Halobacteria;o__Halobacterales;f__Halomicrobiaceae;g__Natronomonas;s__uncultured_Halobacteriales'
'd__Archaea;p__Halobacterota;c__Halobacteria;o__Halobacterales;f__Halomicrobiaceae;g__Natronomonas;s__uncultured_Natronomonas'
'd__Archaea;p__Halobacterota;c__Halobacteria;o__Halobacterales;f__Halomicrobiaceae;g__Salinirubrum;s__uncultured_archaeon'
'd__Archaea;p__Halobacterota;c__Halobacteria;o__Halobacterales;f__Halomicrobiaceae;g__uncultured;__'
'd__Archaea;p__Halobacterota;c__Halobacteria;o__Halobacterales;f__Halomicrobiaceae;g__uncultured;s__uncultured_archaeon'
'd__Archaea;p__Halobacterota;c__Halobacteria;o__Halobacterales;f__Halomicrobiaceae;g__uncultured;s__uncultured_haloarchaeon'
'd__Archaea;p__Halobacterota;c__Methanocellia;o__Methanocellales;f__Methanocellaceae;__;__'
'd__Archaea;p__Halobacterota;c__Methanocellia;o__Methanocellales;f__Methanocellaceae;g__Methanocella;__'
'd__Archaea;p__Halobacterota;c__Methanocellia;o__Methanocellales;f__Methanocellaceae;g__Methanocella;s__uncultured_archaeon'
'd__Archaea;p__Halobacterota;c__Methanocellia;o__Methanocellales;f__Methanocellaceae;g__Methanocella;s__uncultured_euryarchaeote'
'd__Archaea;p__Halobacterota;c__Methanocellia;o__Methanocellales;f__Methanocellaceae;g__Methanocella;s__uncultured_Methanocella'
'd__Archaea;p__Halobacterota;c__Methanocellia;o__Methanocellales;f__Methanocellaceae;g__Methanocella;s__uncultured_Methanosarcinales'
'd__Archaea;p__Halobacterota;c__Methanocellia;o__Methanocellales;f__Methanocellaceae;g__Methanocellaceae;s__uncultured_archaeon'
'd__Archaea;p__Halobacterota;c__Methanocellia;o__Methanocellales;f__Methanocellaceae;g__Rice_Cluster_I;__'
'd__Archaea;p__Halobacterota;c__Methanocellia;o__Methanocellales;f__Methanocellaceae;g__Rice_Cluster_I;s__uncultured_archaeon'
'd__Archaea;p__Halobacterota;c__Methanocellia;o__Methanocellales;f__Methanocellaceae;g__Rice_Cluster_I;s__uncultured_Methanocella'
'd__Archaea;p__Halobacterota;c__Methanocellia;o__Methanocellales;f__Methanocellales;g__uncultured;s__uncultured_archaeon'
'd__Archaea;p__Halobacterota;c__Methanomicrobia;o__Methanomicrobiales;__;__;__'
'd__Archaea;p__Halobacterota;c__Methanomicrobia;o__Methanomicrobiales;f__Methanomicrobiaceae;__;__'
'd__Archaea;p__Halobacterota;c__Methanomicrobia;o__Methanomicrobiales;f__Methanomicrobiaceae;g__Methanoculleus;__'
'd__Archaea;p__Halobacterota;c__Methanomicrobia;o__Methanomicrobiales;f__Methanomicrobiaceae;g__Methanofollis;s__unidentified_archaeon'
'd__Archaea;p__Halobacterota;c__Methanomicrobia;o__Methanomicrobiales;f__Methanomicrobiaceae;g__Methanogenium;__'
'd__Archaea;p__Halobacterota;c__Methanomicrobia;o__Methanomicrobiales;f__Methanomicrobiaceae;g__Methanogenium;s__Methanomicrobiaceae_archaeon'
'd__Archaea;p__Halobacterota;c__Methanomicrobia;o__Methanomicrobiales;f__Methanomicrobiaceae;g__Methanolacinia;__'
'd__Archaea;p__Halobacterota;c__Methanomicrobia;o__Methanomicrobiales;f__Methanomicrobiaceae;g__Methanolacinia;s__uncultured_archaeon'
'd__Archaea;p__Halobacterota;c__Methanomicrobia;o__Methanomicrobiales;f__Methanomicrobiaceae;g__Methanomicrobiaceae;__'
'd__Archaea;p__Halobacterota;c__Methanomicrobia;o__Methanomicrobiales;f__Methanomicrobiaceae;g__Methanomicrobiaceae;s__Methanoculleus_sp.'
'd__Archaea;p__Halobacterota;c__Methanomicrobia;o__Methanomicrobiales;f__Methanomicrobiaceae;g__Methanomicrobiaceae;s__uncultured_archaeon'
'd__Archaea;p__Halobacterota;c__Methanomicrobia;o__Methanomicrobiales;f__Methanomicrobiaceae;g__Methanomicrobium;__'
'd__Archaea;p__Halobacterota;c__Methanomicrobia;o__Methanomicrobiales;f__Methanomicrobiaceae;g__Methanomicrobium;s__uncultured_Methanogenium'
'd__Archaea;p__Halobacterota;c__Methanomicrobia;o__Methanomicrobiales;f__Methanomicrobiaceae;g__Methanoplanus;s__Methanoplanus_limicola'
'd__Archaea;p__Halobacterota;c__Methanomicrobia;o__Methanomicrobiales;f__Methanomicrobiaceae;g__Methanoplanus;s__uncultured_euryarchaeote'
'd__Archaea;p__Halobacterota;c__Methanomicrobia;o__Methanomicrobiales;f__Methanomicrobiaceae;g__uncultured;__'
'd__Archaea;p__Halobacterota;c__Methanomicrobia;o__Methanomicrobiales;f__Methanomicrobiaceae;g__uncultured;s__Methanomicrobium_antiquum'
'd__Archaea;p__Halobacterota;c__Methanomicrobia;o__Methanomicrobiales;f__Methanomicrobiaceae;g__uncultured;s__uncultured_archaeon'
'd__Archaea;p__Halobacterota;c__Methanomicrobia;o__Methanomicrobiales;f__Methanomicrobiaceae;g__uncultured;s__uncultured_euryarchaeote'
'd__Archaea;p__Halobacterota;c__Methanomicrobia;o__Methanomicrobiales;f__Methanomicrobiaceae;g__uncultured;s__uncultured_Methanomicrobia'
'd__Archaea;p__Halobacterota;c__Methanomicrobia;o__Methanomicrobiales;f__Methanoregulaceae;g__Methanolinea;__'
'd__Archaea;p__Halobacterota;c__Methanomicrobia;o__Methanomicrobiales;f__Methanoregulaceae;g__Methanolinea;s__uncultured_archaeon'
'd__Archaea;p__Halobacterota;c__Methanomicrobia;o__Methanomicrobiales;f__Methanoregulaceae;g__Methanoregula;__'
'd__Archaea;p__Halobacterota;c__Methanomicrobia;o__Methanomicrobiales;f__Methanospirillaceae;g__Methanospirillum;__'
'd__Archaea;p__Halobacterota;c__Methanomicrobia;o__Methanomicrobiales;f__Methanospirillaceae;g__Methanospirillum;s__archaeon_enrichment'
'd__Archaea;p__Halobacterota;c__Methanomicrobia;o__Methanomicrobiales;f__Methanospirillaceae;g__Methanospirillum;s__Methanospirillum_sp.'
'd__Archaea;p__Halobacterota;c__Methanomicrobia;o__Methanomicrobiales;f__Rice_Cluster_II;g__Rice_Cluster_II;s__Methanosarcina_sp.'
'd__Archaea;p__Halobacterota;c__Methanosarcinia;o__Methanosarciniales;__;__;__'
'd__Archaea;p__Halobacterota;c__Methanosarcinia;o__Methanosarciniales;f__Methanosaetaceae;g__Methanosaeta;__'
'd__Archaea;p__Halobacterota;c__Methanosarcinia;o__Methanosarciniales;f__Methanosaetaceae;g__Methanosaeta;s__Methanosaeta_pelagica'
'd__Archaea;p__Halobacterota;c__Methanosarcinia;o__Methanosarciniales;f__Methanosaetaceae;g__Methanosaeta;s__Methanothrix_sp.'
'd__Archaea;p__Halobacterota;c__Methanosarcinia;o__Methanosarciniales;f__Methanosaetaceae;g__Methanosaeta;s__terrestrial_metagenome'
'd__Archaea;p__Halobacterota;c__Methanosarcinia;o__Methanosarciniales;f__Methanosaetaceae;g__Methanosaeta;s__uncultured_archaeon'
'd__Archaea;p__Halobacterota;c__Methanosarcinia;o__Methanosarciniales;f__Methanosaetaceae;g__Methanosaeta;s__uncultured_Methanosaeta'
'd__Archaea;p__Halobacterota;c__Methanosarcinia;o__Methanosarciniales;f__Methanosaetaceae;g__Methanosaeta;s__uncultured_Methanosarcinales'
'd__Archaea;p__Halobacterota;c__Methanosarcinia;o__Methanosarciniales;f__Methanosaetaceae;g__Methanosaeta;s__uncultured_organism'
'd__Archaea;p__Halobacterota;c__Methanosarcinia;o__Methanosarciniales;f__Methanosarcinaceae;__;__'
'd__Archaea;p__Halobacterota;c__Methanosarcinia;o__Methanosarciniales;f__Methanosarcinaceae;g__ANME-3;__'
'd__Archaea;p__Halobacterota;c__Methanosarcinia;o__Methanosarciniales;f__Methanosarcinaceae;g__ANME-3;s__uncultured_archaeon'
'd__Archaea;p__Halobacterota;c__Methanosarcinia;o__Methanosarciniales;f__Methanosarcinaceae;g__ANME-3;s__uncultured_euryarchaeote'
'd__Archaea;p__Halobacterota;c__Methanosarcinia;o__Methanosarciniales;f__Methanosarcinaceae;g__ANME-3;s__uncultured_Methanosarcinales'
'd__Archaea;p__Halobacterota;c__Methanosarcinia;o__Methanosarciniales;f__Methanosarcinaceae;g__Methanococcoides;__'
'd__Archaea;p__Halobacterota;c__Methanosarcinia;o__Methanosarciniales;f__Methanosarcinaceae;g__Methanococcoides;s__Methanococcoides_methylutens'
'd__Archaea;p__Halobacterota;c__Methanosarcinia;o__Methanosarciniales;f__Methanosarcinaceae;g__Methanococcoides;s__Methanococcoides_vulcani'
'd__Archaea;p__Halobacterota;c__Methanosarcinia;o__Methanosarciniales;f__Methanosarcinaceae;g__Methanococcoides;s__uncultured_archaeon'
'd__Archaea;p__Halobacterota;c__Methanosarcinia;o__Methanosarciniales;f__Methanosarcinaceae;g__Methanococcoides;s__uncultured_euryarchaeote'
'd__Archaea;p__Halobacterota;c__Methanosarcinia;o__Methanosarciniales;f__Methanosarcinaceae;g__Methanohalophilus;__'
'd__Archaea;p__Halobacterota;c__Methanosarcinia;o__Methanosarciniales;f__Methanosarcinaceae;g__Methanohalophilus;s__Methanohalophilus_levihalophilus'
'd__Archaea;p__Halobacterota;c__Methanosarcinia;o__Methanosarciniales;f__Methanosarcinaceae;g__Methanohalophilus;s__uncultured_Methanosarcinales'
'd__Archaea;p__Halobacterota;c__Methanosarcinia;o__Methanosarciniales;f__Methanosarcinaceae;g__Methanolobus;__'
'd__Archaea;p__Halobacterota;c__Methanosarcinia;o__Methanosarciniales;f__Methanosarcinaceae;g__Methanolobus;s__archaeon_enrichment'
'd__Archaea;p__Halobacterota;c__Methanosarcinia;o__Methanosarciniales;f__Methanosarcinaceae;g__Methanolobus;s__marine_sediment'
'd__Archaea;p__Halobacterota;c__Methanosarcinia;o__Methanosarciniales;f__Methanosarcinaceae;g__Methanolobus;s__Methanolobus_bombayensis'
'd__Archaea;p__Halobacterota;c__Methanosarcinia;o__Methanosarciniales;f__Methanosarcinaceae;g__Methanolobus;s__Methanolobus_profundi'
'd__Archaea;p__Halobacterota;c__Methanosarcinia;o__Methanosarciniales;f__Methanosarcinaceae;g__Methanolobus;s__Methanolobus_sp.'
'd__Archaea;p__Halobacterota;c__Methanosarcinia;o__Methanosarciniales;f__Methanosarcinaceae;g__Methanolobus;s__Methanolobus_tindarius'
'd__Archaea;p__Halobacterota;c__Methanosarcinia;o__Methanosarciniales;f__Methanosarcinaceae;g__Methanolobus;s__uncultured_archaeon'
'd__Archaea;p__Halobacterota;c__Methanosarcinia;o__Methanosarciniales;f__Methanosarcinaceae;g__Methanolobus;s__uncultured_euryarchaeote'
'd__Archaea;p__Halobacterota;c__Methanosarcinia;o__Methanosarciniales;f__Methanosarcinaceae;g__Methanolobus;s__uncultured_Methanolobus'
'd__Archaea;p__Halobacterota;c__Methanosarcinia;o__Methanosarciniales;f__Methanosarcinaceae;g__Methanomethylovorans;__'
'd__Archaea;p__Halobacterota;c__Methanosarcinia;o__Methanosarciniales;f__Methanosarcinaceae;g__Methanosarcina;__'
'd__Archaea;p__Halobacterota;c__Methanosarcinia;o__Methanosarciniales;f__Methanosarcinaceae;g__Methanosarcina;s__Methanosarcina_acetivorans'
'd__Archaea;p__Halobacterota;c__Methanosarcinia;o__Methanosarciniales;f__Methanosarcinaceae;g__Methanosarcina;s__Methanosarcina_flavescens'
'd__Archaea;p__Halobacterota;c__Methanosarcinia;o__Methanosarciniales;f__Methanosarcinaceae;g__Methanosarcina;s__Methanosarcina_semesiae'
'd__Archaea;p__Halobacterota;c__Methanosarcinia;o__Methanosarciniales;f__Methanosarcinaceae;g__Methanosarcina;s__uncultured_archaeon'
'd__Archaea;p__Halobacterota;c__Methanosarcinia;o__Methanosarciniales;f__Methanosarcinaceae;g__Methanosarcina;s__uncultured_Methanoculleus'
'd__Archaea;p__Halobacterota;c__Methanosarcinia;o__Methanosarciniales;f__Methanosarcinaceae;g__uncultured;__'
'd__Archaea;p__Halobacterota;c__Methanosarcinia;o__Methanosarciniales;f__Methanosarcinaceae;g__uncultured;s__uncultured_archaeon'
'd__Archaea;p__Halobacterota;c__Methanosarcinia;o__Methanosarciniales;f__Syntrophoarchaeaceae;g__Candidatus_Syntrophoarchaeum;s__uncultured_euryarchaeote'
'd__Archaea;p__Halobacterota;c__Methanosarcinia;o__Methanosarciniales;f__Syntrophoarchaeaceae;g__Syntrophoarchaeaceae;__'
'd__Archaea;p__Halobacterota;c__Methanosarcinia;o__Methanosarciniales;f__Syntrophoarchaeaceae;g__Syntrophoarchaeaceae;s__uncultured_Methanosarcinales'
'd__Archaea;p__Hydrothermarchaeota;c__Hydrothermarchaeia;o__Hydrothermarchaeales;f__Hydrothermarchaeales;g__Hydrothermarchaeales;s__uncultured_archaeon'
'd__Archaea;p__Iainarchaeota;c__Iainarchaeia;o__Iainarchaeales;f__Iainarchaeales;g__Iainarchaeales;__'
'd__Archaea;p__Iainarchaeota;c__Iainarchaeia;o__Iainarchaeales;f__Iainarchaeales;g__Iainarchaeales;s__uncultured_archaeon'
'd__Archaea;p__Iainarchaeota;c__Iainarchaeia;o__Iainarchaeales;f__Iainarchaeales;g__Iainarchaeales;s__uncultured_euryarchaeote'
'd__Archaea;p__Micrarchaeota;c__Micrarchaeia;o__Micrarchaeales;f__Micrarchaeales;g__Micrarchaeales;__'
'd__Archaea;p__Micrarchaeota;c__Micrarchaeia;o__Micrarchaeales;f__Micrarchaeales;g__Micrarchaeales;s__uncultured_archaeon'
'd__Archaea;p__Micrarchaeota;c__Micrarchaeia;o__Micrarchaeales;f__Micrarchaeales;g__Micrarchaeales;s__uncultured_euryarchaeote'
'd__Archaea;p__Nanoarchaeota;c__Nanoarchaeia;o__Woesearchaeales;__;__;__'
'd__Archaea;p__Nanoarchaeota;c__Nanoarchaeia;o__Woesearchaeales;f__CG1-02-57-44;g__CG1-02-57-44;s__uncultured_archaeon'
'd__Archaea;p__Nanoarchaeota;c__Nanoarchaeia;o__Woesearchaeales;f__GW2011_GWC1_47_15;g__GW2011_GWC1_47_15;__'
'd__Archaea;p__Nanoarchaeota;c__Nanoarchaeia;o__Woesearchaeales;f__GW2011_GWC1_47_15;g__GW2011_GWC1_47_15;s__Candidatus_Amesbacteria'
'd__Archaea;p__Nanoarchaeota;c__Nanoarchaeia;o__Woesearchaeales;f__GW2011_GWC1_47_15;g__GW2011_GWC1_47_15;s__Candidatus_Pacearchaeota'
'd__Archaea;p__Nanoarchaeota;c__Nanoarchaeia;o__Woesearchaeales;f__GW2011_GWC1_47_15;g__GW2011_GWC1_47_15;s__uncultured_archaeon'
'd__Archaea;p__Nanoarchaeota;c__Nanoarchaeia;o__Woesearchaeales;f__GW2011;g__AR15;__'
'd__Archaea;p__Nanoarchaeota;c__Nanoarchaeia;o__Woesearchaeales;f__GW2011;g__AR15;s__archaeon_GW2011_AR15'
'd__Archaea;p__Nanoarchaeota;c__Nanoarchaeia;o__Woesearchaeales;f__GW2011;g__AR15;s__uncultured_archaeon'
'd__Archaea;p__Nanoarchaeota;c__Nanoarchaeia;o__Woesearchaeales;f__SCGC_AAA011-D5;g__SCGC_AAA011-D5;s__Candidatus_Diapherotrites'
'd__Archaea;p__Nanoarchaeota;c__Nanoarchaeia;o__Woesearchaeales;f__SCGC_AAA011-D5;g__SCGC_AAA011-D5;s__Candidatus_Pacearchaeota'
'd__Archaea;p__Nanoarchaeota;c__Nanoarchaeia;o__Woesearchaeales;f__SCGC_AAA011-D5;g__SCGC_AAA011-D5;s__Candidatus_Staskawiczbacteria'
'd__Archaea;p__Nanoarchaeota;c__Nanoarchaeia;o__Woesearchaeales;f__SCGC_AAA011-D5;g__SCGC_AAA011-D5;s__Nanoarchaeota_archaeon'
'd__Archaea;p__Nanoarchaeota;c__Nanoarchaeia;o__Woesearchaeales;f__SCGC_AAA011-D5;g__SCGC_AAA011-D5;s__uncultured_archaeon'
'd__Archaea;p__Nanoarchaeota;c__Nanoarchaeia;o__Woesearchaeales;f__SCGC_AAA286-E23;g__SCGC_AAA286-E23;__'
'd__Archaea;p__Nanoarchaeota;c__Nanoarchaeia;o__Woesearchaeales;f__SCGC_AAA286-E23;g__SCGC_AAA286-E23;s__Euryarchaeota_archaeon'
'd__Archaea;p__Nanoarchaeota;c__Nanoarchaeia;o__Woesearchaeales;f__SCGC_AAA286-E23;g__SCGC_AAA286-E23;s__uncultured_archaeon'
'd__Archaea;p__Nanoarchaeota;c__Nanoarchaeia;o__Woesearchaeales;f__Woesearchaeales;g__Woesearchaeales;s__marine_metagenome'
'd__Archaea;p__Nanoarchaeota;c__Nanoarchaeia;o__Woesearchaeales;f__Woesearchaeales;g__Woesearchaeales;s__uncultured_euryarchaeote'
'd__Archaea;p__Nanohaloarchaeota;c__Nanosalinia;o__Nanosalinales;f__Nanosalinaceae;__;__'
'd__Archaea;p__Nanohaloarchaeota;c__Nanosalinia;o__Nanosalinales;f__Nanosalinaceae;g__Candidatus_Haloredivivus;s__Nanohaloarchaea_archaeon'
'd__Archaea;p__Nanohaloarchaeota;c__Nanosalinia;o__Nanosalinales;f__Nanosalinaceae;g__Candidatus_Haloredivivus;s__uncultured_haloarchaeon'
'd__Archaea;p__Nanohaloarchaeota;c__Nanosalinia;o__Nanosalinales;f__Nanosalinaceae;g__Nanosalinaceae;__'
'd__Archaea;p__Nanohaloarchaeota;c__Nanosalinia;o__Nanosalinales;f__Nanosalinaceae;g__Nanosalinaceae;s__soda_lake'
'd__Archaea;p__Thermoplasmatota;__;__;__;__;__'
'd__Archaea;p__Thermoplasmatota;c__Thermoplasmata;__;__;__;__'
'd__Archaea;p__Thermoplasmatota;c__Thermoplasmata;o__JdFR-43;f__JdFR-43;g__JdFR-43;__'
'd__Archaea;p__Thermoplasmatota;c__Thermoplasmata;o__JdFR-43;f__JdFR-43;g__JdFR-43;s__Thermoplasmatales_archaeon'
'd__Archaea;p__Thermoplasmatota;c__Thermoplasmata;o__JdFR-43;f__JdFR-43;g__JdFR-43;s__uncultured_archaeon'
'd__Archaea;p__Thermoplasmatota;c__Thermoplasmata;o__JdFR-43;f__JdFR-43;g__JdFR-43;s__uncultured_euryarchaeote'
'd__Archaea;p__Thermoplasmatota;c__Thermoplasmata;o__JdFR-43;f__JdFR-43;g__JdFR-43;s__uncultured_sediment'
'd__Archaea;p__Thermoplasmatota;c__Thermoplasmata;o__Marine_Benthic_Group_D_and_DHVEG-1;f__Marine_Benthic_Group_D_and_DHVEG-1;g__Marine_Benthic_Group_D_and_DHVEG-1;__'
'd__Archaea;p__Thermoplasmatota;c__Thermoplasmata;o__Marine_Benthic_Group_D_and_DHVEG-1;f__Marine_Benthic_Group_D_and_DHVEG-1;g__Marine_Benthic_Group_D_and_DHVEG-1;s__archaeon_enrichment'
'd__Archaea;p__Thermoplasmatota;c__Thermoplasmata;o__Marine_Benthic_Group_D_and_DHVEG-1;f__Marine_Benthic_Group_D_and_DHVEG-1;g__Marine_Benthic_Group_D_and_DHVEG-1;s__uncultured_DHVE1'
'd__Archaea;p__Thermoplasmatota;c__Thermoplasmata;o__Marine_Benthic_Group_D_and_DHVEG-1;f__Marine_Benthic_Group_D_and_DHVEG-1;g__Marine_Benthic_Group_D_and_DHVEG-1;s__uncultured_eukaryote'
'd__Archaea;p__Thermoplasmatota;c__Thermoplasmata;o__Marine_Benthic_Group_D_and_DHVEG-1;f__Marine_Benthic_Group_D_and_DHVEG-1;g__Marine_Benthic_Group_D_and_DHVEG-1;s__uncultured_Thermoplasmata'
'd__Archaea;p__Thermoplasmatota;c__Thermoplasmata;o__Marine_Benthic_Group_D_and_DHVEG-1;f__Marine_Benthic_Group_D_and_DHVEG-1;g__Marine_Benthic_Group_D_and_DHVEG-1;s__unidentified_archaeon'
'd__Archaea;p__Thermoplasmatota;c__Thermoplasmata;o__Marine_Group_II;f__Marine_Group_II;g__Marine_Group_II;s__uncultured_archaeon'
'd__Archaea;p__Thermoplasmatota;c__Thermoplasmata;o__Marine_Group_II;f__Marine_Group_II;g__Marine_Group_II;s__uncultured_euryarchaeote'
'd__Archaea;p__Thermoplasmatota;c__Thermoplasmata;o__Methanomassiliicoccales;__;__;__'
'd__Archaea;p__Thermoplasmatota;c__Thermoplasmata;o__Methanomassiliicoccales;f__Methanomassiliicoccaceae;__;__'
'd__Archaea;p__Thermoplasmatota;c__Thermoplasmata;o__Methanomassiliicoccales;f__Methanomassiliicoccaceae;g__Methanomassiliicoccus;__'
'd__Archaea;p__Thermoplasmatota;c__Thermoplasmata;o__Methanomassiliicoccales;f__Methanomassiliicoccaceae;g__Methanomassiliicoccus;s__Methanomassiliicoccus_luminyensis'
'd__Archaea;p__Thermoplasmatota;c__Thermoplasmata;o__Methanomassiliicoccales;f__Methanomassiliicoccaceae;g__Methanomassiliicoccus;s__uncultured_archaeon'
'd__Archaea;p__Thermoplasmatota;c__Thermoplasmata;o__Methanomassiliicoccales;f__Methanomassiliicoccaceae;g__Methanomassiliicoccus;s__uncultured_Thermoplasmatales'
'd__Archaea;p__Thermoplasmatota;c__Thermoplasmata;o__Methanomassiliicoccales;f__Methanomassiliicoccaceae;g__uncultured;__'
'd__Archaea;p__Thermoplasmatota;c__Thermoplasmata;o__Methanomassiliicoccales;f__Methanomassiliicoccaceae;g__uncultured;s__uncultured_archaeon'
'd__Archaea;p__Thermoplasmatota;c__Thermoplasmata;o__Methanomassiliicoccales;f__Methanomassiliicoccaceae;g__uncultured;s__uncultured_Thermoplasmatales'
'd__Archaea;p__Thermoplasmatota;c__Thermoplasmata;o__Methanomassiliicoccales;f__Methanomethylophilaceae;g__Methanomethylophilaceae;s__uncultured_Thermoplasmatales'
'd__Archaea;p__Thermoplasmatota;c__Thermoplasmata;o__Methanomassiliicoccales;f__uncultured;g__uncultured;s__uncultured_euryarchaeote'
'd__Archaea;p__Thermoplasmatota;c__Thermoplasmata;o__Methanomassiliicoccales;f__uncultured;g__uncultured;s__uncultured_sediment'
'd__Archaea;p__Thermoplasmatota;c__Thermoplasmata;o__SG8-5;f__SG8-5;g__SG8-5;__'
'd__Archaea;p__Thermoplasmatota;c__Thermoplasmata;o__SG8-5;f__SG8-5;g__SG8-5;s__Euryarchaeota_archaeon'
'd__Archaea;p__Thermoplasmatota;c__Thermoplasmata;o__SG8-5;f__SG8-5;g__SG8-5;s__uncultured_archaeon'
'd__Archaea;p__Thermoplasmatota;c__Thermoplasmata;o__SG8-5;f__SG8-5;g__SG8-5;s__uncultured_sediment'
'd__Archaea;p__Thermoplasmatota;c__Thermoplasmata;o__SG8-5;f__SG8-5;g__SG8-5;s__uncultured_Thermoplasmatales'
'd__Archaea;p__Thermoplasmatota;c__Thermoplasmata;o__Thermoplasmata;f__Thermoplasmata;g__Marine_Group_III;__'
'd__Archaea;p__Thermoplasmatota;c__Thermoplasmata;o__Thermoplasmata;f__Thermoplasmata;g__Marine_Group_III;s__uncultured_archaeon'
'd__Archaea;p__Thermoplasmatota;c__Thermoplasmata;o__Thermoplasmata;f__Thermoplasmata;g__Marine_Group_III;s__uncultured_euryarchaeote'
'd__Archaea;p__Thermoplasmatota;c__Thermoplasmata;o__Thermoplasmata;f__Thermoplasmata;g__Marine_Group_III;s__uncultured_Thermoplasmatales'
'd__Archaea;p__Thermoplasmatota;c__Thermoplasmata;o__Thermoplasmatales;f__Thermoplasmataceae;g__A-plasma;__'
'd__Archaea;p__Thermoplasmatota;c__Thermoplasmata;o__Thermoplasmatales;f__Thermoplasmataceae;g__A-plasma;s__uncultured_Thermoplasmatales'
'd__Archaea;p__Thermoplasmatota;c__Thermoplasmata;o__Thermoplasmatales;f__Thermoplasmataceae;g__Thermoplasmataceae;s__uncultured_archaeon'
'd__Archaea;p__Thermoplasmatota;c__Thermoplasmata;o__uncultured;f__uncultured;g__uncultured;__'
'd__Archaea;p__Thermoplasmatota;c__Thermoplasmata;o__uncultured;f__uncultured;g__uncultured;s__uncultured_eukaryote'
'd__Archaea;p__Thermoplasmatota;c__Thermoplasmata;o__uncultured;f__uncultured;g__uncultured;s__uncultured_euryarchaeote'
'd__Archaea;p__Thermoplasmatota;c__Thermoplasmata;o__uncultured;f__uncultured;g__uncultured;s__uncultured_sediment'
'd__Archaea;p__Thermoplasmatota;c__Thermoplasmata;o__uncultured;f__uncultured;g__uncultured;s__uncultured_Thermoplasmatales'
'd__Archaea;p__Thermoplasmatota;c__Thermoplasmatota;o__Thermoplasmatota;f__Thermoplasmatota;g__uncultured;__'
'd__Archaea;p__Thermoplasmatota;c__Thermoplasmatota;o__Thermoplasmatota;f__Thermoplasmatota;g__uncultured;s__uncultured_archaeon'
